user_address,time_since_first_tx,total_gas_eth,number_of_txs
\x009cd67a8249b9d9160bea72079a84afd46886ae,109 days,1.1037,38
\x00f2bb128baba9e2b3a466228759166987e4feb9,168 days,0.5734,44
\x012b38ccb3ae97a32cd24088bf9426d4ee5442d3,92 days,10.8066,523
\x02594037d4cec55dc0d5069306f25de258aa7ddd,57 days,1.8975,234
\x03251ae9065a02d50230e02b137265157e101c20,369 days,22.6668,1343
\x036d78c5e87e0aa07bf61815d1effe10c9fd5275,34 days,2.0015,235
\x03d1a11f5e98a02ecd31962dc787000451e0c1d2,140 days,2.8654,410
\x041cd43c8dff91e3e3f86bd1990afaf6801a83ce,140 days,2.5285,299
\x047d70f5cfb2572557433e82a6f3762eff2f878f,29 days,0.2511,45
\x04f3c550216a29fdea8c7cf56823b7ed2fff8eff,37 days,1.4053,299
\x05258e865f382b33e3d45bcd0fef58458611bda9,146 days,0.4955,44
\x0578aa0595e0c83530dcde1d7a339479bfe6b0b7,164 days,1.6242,153
\x057d1e845402b371eb793135f877966b47577e28,89 days,2.8161,309
\x057f8d0f6fb2703197363f75c002f766f1c4287a,1497 days,3.6976,386
\x064635e9ad8c770df4430180f0983ac0c59fc3fc,136 days,5.5676,338
\x0729972590889361b0c59cc0df4e54ff02109596,32 days,0.6305,18
\x0767e7b07fe3816d69e8ae9cce87b011af0199ba,138 days,4.3375,234
\x0775a23372a9a1572b2138f0eb5069a60f6b8b05,106 days,4.1301,609
\x0799442ce0f90f8837fdeece82cd2735625b4bf9,325 days,115.1116,3436
\x07b994cddd2767dec07b8955f641d49d1b813ada,00:00:00,0.0720,5
\x07cc3c2ece8a0d83d71f9f62d70731c5392f5c29,71 days,0.2880,28
\x07f540903f9ec92ae3bc85a91742fa272da32618,91 days,4.4377,494
\x087e282f6275538ed99b1e7df165eddeb745f3a6,51 days,11.0526,373
\x09580ac5e91038ce0385247c59e58519785a4636,155 days,3.4071,240
\x0985224a811e65c235dbf4a2c2117712aabe4e39,1067 days,21.1620,2685
\x0985fbcb517b2889eb2340a3c2747e133a825cd2,81 days,20.2219,1759
\x09ab720be0deda7f664e5dd15c5f33472da0e0fe,601 days,9.2529,604
\x0a2a3d3c6d4f2d57d307da3e3e99ff8122077da5,247 days,41.4128,1141
\x0abb75f676d0c131c04324dd98150a39213edd41,47 days,74.1098,995
\x0acd3b41e5b21e8b23b2ed054645316a9b1db287,98 days,7.8836,695
\x0b7917b62bc98967e06e80efba9abcaccf3d4928,357 days,9.0809,559
\x0bc90e07937fa2a69a8639499a310b3e49365930,12 days,0.3877,13
\x0bfff40545a2250c3f11993e7b75dbbcb11e36ac,76 days,10.2652,569
\x0c72d3404dc10d594a7d00086cde7b1c48e4c0d4,89 days,2.0646,249
\x0c80f1c0d372b1bf66446d524998df92df972644,349 days,3.1656,193
\x0d2e911c371dc46404fe73a619c58075c8dbc915,593 days,2.4283,169
\x0d93bc9654df5a50e0e65df55d09ba7b47fb95cd,128 days,4.6281,462
\x0dd273b85e5578c488559107ac98a1ab98f208aa,135 days,1.4021,144
\x0df7c774427a39e2b4e585a3b530ee0e7e817411,37 days,2.3444,138
\x0eb9a7ff5cbf719251989caf1599c1270eafb531,1384 days,50.7541,4841
\x1025d7764f2958004d3ff083cedbee634baa622b,79 days,0.9596,30
\x102a618b36c32b338c03526255dcf2a39eb1897f,178 days,13.8793,840
\x11ef20cfeb033a3513d75164175a2e2d68f9c396,61 days,4.8329,727
\x123c3f60c0232b1b7ffdb91d533740697b4e1fd4,151 days,3.6152,84
\x12c7eccd7ada722ebfff3900d37404757a92fc21,12 days,1.2972,95
\x12d024ea9d20232380d7b6a7e64b114469ecbbec,281 days,5.6418,513
\x133b63e8740fd57a215db2bd99090d037ade596d,144 days,1.4264,98
\x14287e62b859a3a5e19b3c2d59ed1f12ac94ba4c,637 days,8.6313,1415
\x14df40586e0f2ca5ca222db0dac8df2f4c5b1aab,350 days,7.4607,587
\x15296589df4156703d25475ea9b1039030acfaeb,1112 days,14.6922,3830
\x1565e23abe9c15c714b662b77c87ed9a61ee19d2,128 days,18.0870,1021
\x160fddcea66648feea262cc11b0e46651a1f5ce2,317 days,1.7464,69
\x163dff00352b3d3757773844309609a60b0da7ba,160 days,0.3629,78
\x163e9dcbc838014cac1d112c6787d83d379178f0,18 days,2.5648,52
\x16525c97e3061a8e8f130244d90624f12095cb68,12 days,0.2992,21
\x16ffe3938b69132c72a5b0250708792db72971b4,150 days,6.7596,823
\x170e127dea301fc5d513142ef130b6befa8f38cd,12 days,2.3744,23
\x17100d0a90365f775710f19d3c0c27624929df1c,138 days,3.1403,119
\x17853cbed35f3153dc144d709e01575cb75d326b,95 days,3.1653,280
\x17ffe0b00ff5194827b69e469bd938be59c1b10c,166 days,1.4660,103
\x1816308ca8cf95b0edeefbd6d6cd48b59930c194,1266 days,9.0399,553
\x181b8578f287d70d9493add50f637276ae1924db,9 days,0.5595,26
\x1831d004c7bf6a5abae2d882c9797102783a330f,17 days,2.1197,149
\x183b6267cb9f985a8aa7fc912672a21d644a4102,628 days,36.3850,2635
\x18930581f45441ffd426c28bd15370ca9f01e26a,142 days,1.6762,26
\x18bd67edbcb6e1072c0ffdca2add8fec805246db,87 days,1.9179,198
\x18d7643d52825bb90ac5a1caf6594a991f5c9c3f,134 days,10.1406,642
\x193f0ee42a199a0cecd479a9f09ba293eb1ca357,740 days,15.9382,1652
\x19b38c2d21ec9675539445fe8d6e659cc4d244ae,171 days,8.5323,466
\x19bcb9b9d7ecd218469957eafa140731c693d9a9,145 days,4.0982,439
\x1a07805463966aa704db188b85d019d4f6617e35,334 days,4.3349,312
\x1a35832c6db87868092bacd02b6e39305bc0edc9,1248 days,12.9436,1320
\x1b2965dc3b1697dd10b7126ec7393d79cda2cf91,193 days,20.7981,769
\x1b8f04d48567ab20f7dbe3a191cd0d3c2826bf7b,158 days,4.7382,505
\x1bb42ee14895f93bbd377f2b2802b11b6ee40b9b,54 days,2.3553,65
\x1bba6078869670409e7da01560a979daada9f259,95 days,1.1142,29
\x1bdc35ab623835cd807b425b7be78aea7fbcd5c7,38 days,1.0568,101
\x1c2ef64b96bff2396842a7750b7504fb20d718dc,49 days,1.6459,97
\x1c544fb25e0d4d37694e257bd2bfcfbf4e8c3f76,1299 days,5.8978,769
\x1cc3195c46c2f6af665ae281ad861eab88ed8fb5,1367 days,2.9870,178
\x1ce2304369d957fc1f0dd32c983f445e449f4c7a,689 days,129.6611,7369
\x1df8d6e064c7249a88678309c11193a75c325eb7,79 days,0.3873,18
\x1e32a859d69dde58d03820f8f138c99b688d132f,1569 days,11.2932,718
\x1e7082fb1576cd5befc3f2093d2d9ee47e2e5983,92 days,0.4487,143
\x1e8d57b8a547dfdc8117debbba49ab00f28b64da,4 days,0.1009,3
\x1eb575e1b7212a05907a692de46986da95c5f22b,98 days,0.1592,21
\x1f1f8039471740175f0a0e4062493ec25c2c7462,68 days,2.3458,325
\x1f2eb98b4e5a445b166cf152e50c008b85ea17b1,166 days,1.6511,79
\x201f948e98513abe8dc70047ba98a050fe67e9fb,151 days,16.1678,611
\x202e10a139d7813c4806216f210e9769dac9e97a,198 days,2.1431,140
\x202eca424a8db90924a4daa3e6bcecd9311f668e,201 days,6.4106,612
\x20f875955007c41fc3d72df4cfaec4fb806da03a,373 days,11.2853,900
\x21bb3eb127b7b96f39e3e99b0fb7f4051c4994a8,46 days,0.8835,144
\x21e0324596f537e902b1c215c3985c95eef7943b,1257 days,2.7329,164
\x22315e2852c73eb9f63efccb18f9eb7a68a22441,1 day,1.2823,22
\x239ac0f0ef5ad27ecb9a6cb3296d2f532ae66ff9,32 days,0.3808,57
\x23d20d8786ef45f2108c45fdaa6159688b2bdc95,336 days,13.5175,1024
\x23d5d88a0463db6eecae3eaff16f82fd7b707ded,8 days,1.5891,65
\x240cf70d8a648be133feb342d71e5e81c686e5f8,1435 days,17.9103,1012
\x2465bd53a0e4f726dc6bf059e07979715c44dc0b,144 days,24.8979,1027
\x24d8e4a8d59f00c370ca6f9344ed8ba47f74d85f,41 days,2.6552,287
\x24e013156619a4a28abac56bda14c516667bf975,118 days,4.1339,146
\x2586319850defd14dbfa93fe588780fdea0d4336,1449 days,1.2966,83
\x25aa5c93efc244f887ebd603094b272b4a30ae36,4 days,0.2248,7
\x25cc5677c82453ea26642f7a3f733c6006c31011,434 days,118.0693,7146
\x2617f37c4213e91c567560a9a8b947ff5d6120b3,109 days,2.6134,193
\x2649b59a29267cb471b5e55802c80c7e64ab4075,143 days,11.3367,363
\x26e2e8a24e867e5e96ea0c4913e659cdc8a97973,185 days,1.3448,76
\x275c69284ce670e88b5539355d94bd0601981d1d,812 days,2.3987,247
\x279ee0f94b4f59198742c53650a103f0d329e0a2,39 days,2.4411,236
\x28e3e03240c4b7101c474bdbcab13c6bc42cc7eb,1281 days,14.3890,351
\x290420874bf65691b98b67d042c06bbc31f85f11,145 days,5.9798,431
\x2927a6ba73ad0a156d5260f0f85bbbde0625daaf,79 days,1.2572,111
\x29a9a733546d64fb2ff620abe99b3f41303bc5c2,97 days,0.1554,5
\x2a07272af1327699f36f06835a2410f4367e7a5c,139 days,4.2224,347
\x2a16e92eceefa1026ecb9eb0e10cbe7e9fae1f90,113 days,2.6910,253
\x2a69e341e1dbec5b61e4ece9e6114f5f2179404c,12 days,0.1674,14
\x2afb65af08936becd887b3c7daff969a6c682301,55 days,0.1238,26
\x2afbdf31aae1f867a41fee55e3573e3f136abd80,20 days,1.6566,35
\x2b5d030a8e0951449d166140c23cac4567777777,336 days,2.8080,282
\x2b67e1e7c7a046e0c81832ab78320712483e6c7f,139 days,1.6504,137
\x2b70db9febc008e56463a6f82ce6cd56c6164b11,6 days,0.5967,18
\x2b85075702b5bc4737d8e1560b7efe8535105b47,75 days,8.0681,603
\x2bf492cc092e70169a508e3643677fd408be6e14,89 days,1.5363,105
\x2c7b8ccee67e6b43cb0046f07c7a9c9e27e4351b,276 days,10.1800,1157
\x2cba58f39c1bbcbb22b65d0985e8c8e8ccd7518b,375 days,17.5455,1945
\x2d46fbdcce50f1b484da0c56f1116877d28e52ef,98 days,4.6885,541
\x2d5e03d9064a55b96d34290a176656398df91379,207 days,11.8066,1019
\x2d63a6ee734287955edc1201ef3344e5fe7e2847,145 days,0.9045,214
\x2d88bb0bfd92739d3344efb36b99098f7928c79c,4 days,0.2753,8
\x2d8c2e5948abeb974d1d7a42b4d13b1288eb39e6,95 days,2.7879,37
\x2dd534dd4949ccdbb301d29b15d8b86111ee4ae1,143 days,5.6295,220
\x2de14db256db2597fe3c8eed46ef5b20ba390823,1206 days,5.9054,600
\x2e0d63ffcb08ea20ff3acdbb72dfec97343885d2,318 days,21.1453,1435
\x2ebdee94cb5df4a8f4b5acab118f6d4e55896aed,134 days,0.2323,24
\x2eea4706f85b9a2d5dd9e9ff007f27c07443eab1,98 days,0.9747,115
\x2f1d22fce0c8d86374b635c4d7508ea9d5ca1edc,51 days,3.9311,331
\x2f267589d1d15a200b5b7ba99657f14390dc1256,41 days,3.9062,144
\x2fb381d2ac288ab3c33695763379432d19b760c9,8 days,0.4566,18
\x2fcc020f72e5d2edd2a24d04f3dc90d7fdfbd1dd,1341 days,40.5316,2779
\x30484de5c7954252581c69718bd08717c229b070,178 days,2.7073,243
\x30645a0f9b93633453493cb4029fa9f2a4e9460b,108 days,12.0783,808
\x308dcaca32b14eb73553872d524ffefd5c5eff0a,355 days,4.0147,347
\x316d5e60463e392601305834b3816d1d27d3e423,155 days,2.8210,271
\x317fdbf289a41435df30efcb00015f95b1eaddfe,91 days,5.9080,500
\x319c5aac235fbbd6f7ab7307a1cc734ec229e636,13 days,1.3088,44
\x3207f48e83290baf669abda42aced4e0c7d3032e,6 days,0.4981,8
\x325c08a558ff02f244f31ba1e87bf3c1b1c08f45,84 days,12.6098,459
\x32606c4aa95ea78d7c5b1e0e347e3e9ae451434e,143 days,10.2225,742
\x32a88f097056c773569abb6a3cf8d88228466e00,1337 days,27.3201,11699
\x331c79fed41408af51741ef7494a403666e9a9f4,348 days,5.2711,484
\x3336ed787919678c3d49124dca8a3f581891c19d,1160 days,1.3501,180
\x3364fcc9d074c4551ba354b90c069f2ed73dc98b,37 days,1.3062,29
\x33c82bdd744547e6eb7a795e9c8a47ca47af49e5,40 days,2.3136,55
\x33ee1fa9ed670001d1740419192142931e088e79,182 days,7.3942,751
\x34cc62a979b2f4a3d757a6527ad6835c6284b6b9,100 days,4.9058,233
\x34e2cb7513a50b19f450a067ed5230a86c13a2e9,734 days,21.9044,3148
\x35632b6976b5b6ec3f8d700fabb7e1e0499c1bfa,1223 days,68.8672,30551
\x35781000f260d3b3175d22e0669bd1bf42badfda,156 days,3.6210,50
\x358100c75a442a1a40d9aa0662269d320d7f0f2e,115 days,3.4442,963
\x365b94ab73ab228544a66e46b90be4deb946a6de,139 days,3.9961,363
\x367c61ced4dc1939d4807ea3bcc21f0f680b9402,00:00:00,0.1261,6
\x369c5981ba91a89248fc8f39a334c916d1054ce8,39 days,0.1302,8
\x36bef46dfd4e17f9c6cae37e408540dc7c6527d6,26 days,0.9453,126
\x36fa11f6715a5e440871f531030ee4e94d7b9309,17 days,1.1508,77
\x376ffeff9820826a564a1ba05a464b9923862418,214 days,5.3071,803
\x378ff65cb9e9b83b86aa2534c9991e5b28f1ec92,1377 days,4.5232,301
\x37a214cc185864960268435e4fb2e1f856993e94,52 days,0.1627,14
\x37c60cfdcfd7b621d48226a7b08178d57c8c8caf,32 days,2.0185,51
\x37f106588b973bcdcde85c960957f399ae43efd2,164 days,5.5011,195
\x37f7954e63e8e487d35d2afac23614661c883158,18 days,1.4256,34
\x38a4d889a1979133fbc1d58f970f0953e3715c26,198 days,17.4248,1565
\x38ed4caae12e5fd14ead80084b3c8a54ed45e519,275 days,17.5653,487
\x39096110c8b5ec6f7fa8af8bd8c43aa1bcfcdf1b,55 days,2.8667,130
\x392d688249dda8c3f75402cc257307e04fcd793c,51 days,4.6392,294
\x3942ae3782fbd658cc19a8db602d937baf7cb57a,256 days,10.3534,835
\x398a20f8a91a7406343e75f4ac1eaad6902d3862,1205 days,2.9867,372
\x39d1c9a4c3784e33ca6962bcc365b0a873489812,23 days,0.1892,23
\x3adaea08d735eebb1eef0d7af0b4c0508a93d2de,66 days,0.5521,19
\x3adb2f2a408c2f9aac838256353e63e44fe379ab,338 days,13.5779,1278
\x3b83e2ce3c660106f4c1786acb3f6aeca14517bf,93 days,1.2855,131
\x3bf356add1eb182471a4c13ef5376e93accfadc4,37 days,2.1257,79
\x3bfc2f16535b4193f2fdfd9b22e9e23cda0f8cdc,123 days,2.6049,276
\x3c2b4bdcd2f742c55186fc599cb733a127e2b8ab,92 days,13.9220,1070
\x3ca9e32c8500dd200eb272cb98b23fa058500cae,91 days,4.7093,392
\x3dcd214d9234b1edd2f6cb28b4790e544b84552a,164 days,3.3437,248
\x3e124dd3c7fb8c40964d7b2b1f6ef2adec803791,200 days,2.4418,273
\x3e513fae92e6b80a6c560fa3faf7a4f0ec088027,63 days,1.2936,134
\x3e803763dab0c33209745d8413b9936dcdb7bea3,88 days,2.4747,251
\x3f91679839c3767ed79f8267a730e1a482fa72e9,51 days,1.0687,23
\x3fa99ea896f716d0cfbe370a8f6bec32a880f6dc,173 days,8.1692,500
\x3feaa35631d40a7c17e395e6d2ef16f275183afa,159 days,2.5381,382
\x3ff60dc4cea3c3b129039cc0d2da78d02588e731,44 days,2.7873,45
\x400b95bdec42cd15a4fb8f926b248c655ec03ae3,8 days,0.3861,20
\x4041e9d98f794ee7d952d266c1a10707a0af5332,286 days,10.0469,812
\x413e501f4235a9453be6142e1b2916fe44ef1f42,51 days,1.6064,30
\x4222dcb53cf02044f88cd34c837aa8def554dc8a,5 days,0.3499,5
\x4265d230d2d54010d853b107848fc6e0b64c9c24,175 days,1.3957,177
\x4298e663517593284ad4fe199b21815bd48a9969,163 days,9.5438,1071
\x43f8e8a835ce39bf77f4449de3fb405461fbb9b0,143 days,2.4230,118
\x4461e1ab21e92161994cc37b984276c2ae1e8b2e,116 days,11.6024,506
\x44990d2baebc1917796ac59097bc089a417582ec,128 days,1.7993,344
\x44e3dffab605a14bbcfef4be2a07b664f5ada39b,31 days,0.4493,10
\x4509624050a93d2f37a1afd444c07907b8031ab0,60 days,2.6061,186
\x452671bb51a1ab67364515988dbbfee08a3e4ede,113 days,5.0696,343
\x45f5a5fd70e76fa731e1849f18c2c23bae176a38,00:00:00,0.0936,2
\x46910af2ead8ae10ad2787cf197909126c3864f6,1309 days,8.2672,709
\x46c9c1de71e8c27164d66ec7b60b3e48d2ab87da,163 days,1.9345,135
\x475e5fbe12da0c0b16ef7690172de84bdf75c105,375 days,18.1294,1262
\x47889858f1e501b88189678a618bc1afaff2c326,1290 days,8.9189,464
\x47ba9f86c3fa6e6741bb7c25e88f123644fb75cd,175 days,4.0769,249
\x4831d47b376e973c49007b9af6d2cb5f7f67d4da,130 days,0.4743,37
\x489942ea5e840a213faa36e9cc2d20d674e24b50,7 days,2.8397,55
\x48a49ae10d21bb097b6ac27ed1ee0b05dedef062,13 days,0.1645,21
\x48a6ceabf9998f11d97c304a4d38e7743da4c9d4,18 days,4.0449,142
\x48a86f47ca90d125b621c083834e2ed3eb77aa75,10 days,0.3041,18
\x494d6f4d8d3bda712d8b57bfba613c6d31546d45,51 days,10.0627,216
\x49c3feafddaefc3bed06f4ff87ce86610c2c1076,204 days,21.8742,1300
\x4a12e5733295e623c8e8c7aff647586334663013,140 days,1.8288,201
\x4b5245a982b5d972683a74116f9af2652cc08c29,54 days,3.8518,85
\x4bf3805b23c99f8e0a5797e86fd0232a04a2a629,1436 days,1.5790,123
\x4c978c78b0402f6df7db25a9d3f91020d31bd12f,322 days,2.9638,54
\x4cadfe63af96404bcb3fbef877dc7aaf2593156d,64 days,8.9496,1072
\x4ceadf65f352afcb42e75a09f471ef45f541cfb4,106 days,0.2121,16
\x4d87de29c8cf1329227d0e3efdb8561cf81537b2,116 days,2.5927,110
\x4e7875491ec4764004740d8f579d8159b74e9621,20 days,2.5310,177
\x4e7e1c73c116649c1c684acb6ec98bac4fbb4ef6,322 days,51.1761,3414
\x4ec7aedec741e316efe7c0443733da978a319dc5,1094 days,23.4488,1926
\x4ed3f1cad6b5f943bd2b292965d47a4155997331,1284 days,5.5530,339
\x4f756b4a2f90ec92501f615d8832973c5a4ccbbc,95 days,2.9520,38
\x4f93ad81de0a7621518685b7230e544991ceb3cf,95 days,2.7685,36
\x4fbdb631c56ac1b2d48fc779bf4044f068a5f4b0,91 days,1.3387,282
\x50381e2e6e370c43411b14b823d9ce818009d6aa,164 days,3.0288,224
\x5084b1fdd0ca3ffb91ee36787958042729dba95b,00:00:00,0.1712,4
\x50f27cdb650879a41fb07038bf2b818845c20e17,406 days,54.0128,4151
\x514fc379b4ae674f74dac2a266aff608a9b6507f,153 days,15.4984,1058
\x519ae0c11f21f217ad4a7e4eb09e3bbe0e8ffd9d,184 days,3.3957,425
\x519e4ae43a8a1333546c377aa23d804aa3573082,132 days,1.2725,47
\x52149d18039b037374e2aed5211cd649c6f39d1c,37 days,2.0751,44
\x52621f9243467a6660f4a3e07c5f47387096499b,37 days,0.7641,27
\x53183366e82791472db5ce42aa8efc240e29c439,141 days,0.6556,58
\x5333c1d733794e02f34d5f0d88c65d03fd2e4db1,633 days,5.1589,1007
\x53562e8ecee54356dc89ad263a444528b34d6c80,1251 days,2.0630,133
\x5362f0c85949a844405953651174462552f47852,26 days,0.6107,31
\x537038d516e7e71bff78a555799ce0daa01e79a1,134 days,6.3398,608
\x538b33cbbb5786830eac45c4223962317ccf0559,26 days,0.3528,17
\x53c38b0884e47b4c6ab2664273e7fb92b0a1fd7d,8 days,0.0934,15
\x549022ad5cd11816eb7ce6ea15ae61c1fb4edb8a,1533 days,3.9385,1836
\x54d081a19c38dae482849383e9aea557194f041c,20 days,0.2451,10
\x54d867a2707db87f751bb8f5c8c966eac692bccb,53 days,2.6581,71
\x5524a7f69cea753e07b2919789c19236ce8fe309,6 days,0.1717,8
\x554e0b456a38885501d519299ef0d0ba9715d0b1,1 day,0.1811,13
\x55cf34223929a9d893c1ea402735a3a6fc6e5f74,237 days,9.2744,522
\x565d4ed31234bc0562d30442ac79c266c93b9356,10 days,0.7422,17
\x568b491fb2b4b9440f6d05e7723df0060fdaef1c,115 days,2.1104,352
\x56950d575790b271b9a4f0d0adeef5caa424c83d,321 days,1.7320,647
\x56f190a1babbb155ede204c8d20b3a15023810bd,123 days,1.2780,189
\x585071b869f3a82660f5502a55eabae41657ae71,12 days,0.9901,24
\x593066bc91d6680276cd6a1973666bc178dfb032,356 days,19.2183,2095
\x5943111b15348a57f314c4a8f04ddd21d2863ba6,185 days,2.0246,62
\x5947289afe935715d88f829bdcbdede3bb293a5c,4 days,0.0901,6
\x598fdd699c874440ebd31fdcf5cffc1500735a9f,137 days,2.5693,243
\x59957e6b58dd78e9d4ec60a144cc8531b8a5409d,123 days,5.1126,274
\x59f1875986a5eac58bf4959789fd5a3a3cb36c6e,142 days,8.3701,986
\x5b197894cd1942ac6f7ab48a1f5ce38d72754b85,223 days,9.6254,971
\x5b1e7840e97dae8b716317965534fadb490580a1,315 days,11.5423,936
\x5b87316faad8eb2e73b9d617cbe26a5effee82a6,37 days,4.7765,150
\x5ba02f4ff6af1d9d2af8774d10fd32eb57d4e2e6,1196 days,1.6023,204
\x5c4e18ecd3fa9d828ed94d922949caf9a383d5af,118 days,0.4512,40
\x5d18c78f374286d1fa6b1880545bfad714c29273,93 days,4.8570,651
\x5d9e720a1c16b98ab897165803c4d96e8060b8e4,1138 days,17.0297,982
\x5e2083c8a7ec9f90659e7d8cee0e28c82782a8ed,143 days,3.1059,436
\x5e5bf4de97ca0430bd2fbfe158f80a20b28bd46b,98 days,2.8276,193
\x5e73b3e4bf70cbcedb55302b50b92f8f8e193a1e,1222 days,4.8365,247
\x5e818f5824a524151bef611d0709c24845a8f409,95 days,2.0693,56
\x5e92a45225c3925b6180b8672a3cf5dd75bcc4a1,181 days,18.1933,996
\x5eed1f9c61521aee51eb46fd809f865c2ce93044,515 days,6.3759,847
\x5f08e87fe0c3254ef2aed5088810211c8e0d453a,143 days,2.4819,49
\x5f7f97063405ecb088b9b69e4253c84d4e20e5d4,126 days,1.9706,327
\x5fd2c02689d138547b7b1b9e7d9a309d5a03edcd,154 days,13.1338,640
\x5fed250b651fcb0de05de4d314347a69ee87fd87,55 days,1.2436,153
\x6004df4a6440d89643cc8c37871d5c79745ab711,78 days,2.5723,56
\x603a8fd9c4d35dd8ddd41fc8a0d711777334b3f1,406 days,32.7547,1980
\x612dcafa236688a1a31edf8a642917ee19473529,14 days,0.4258,21
\x613ead0ea5af374af0ccfc117ef116a8e8d133fe,9 days,0.4499,104
\x61975197c00ea675d8d187d3686e9774723abb01,151 days,3.5165,88
\x61ff4155d462e1630732da7d8e8f9929d50c72c5,63 days,1.6089,90
\x6301add4fb128de9778b8651a2a9278b86761423,1509 days,51.1133,3157
\x630ed30f52986a8e703c1c7bbc8521f8efd8396d,162 days,3.6623,381
\x63244b5f1ebcb999ea012da652dffee6653bf8f5,1069 days,46.8756,4143
\x634775efe2d77ff787fa843a57e752b9bd515f41,363 days,33.4855,2189
\x6396ef1c07949476aabae95c926872ba2dacdcaf,162 days,14.4092,439
\x63b68bb63da1b7363d452dc67e97a4b4fe737c09,153 days,3.6356,216
\x63c8e1155e2be1e10041ff56625805abcf1fbf9b,89 days,8.8271,793
\x64e93bbebec391583e02c0e9899b4a518e7dbba5,18 days,4.6294,159
\x6582cd7cbf58a980530e33fb70c3da42336827ba,115 days,0.7635,20
\x658a92fdf5ca5a7fc744178dd34b11bfef7d0ac1,151 days,1.1436,35
\x65d83f573be72998ff0b798e4a3f54f0ced4ee97,163 days,1.6755,179
\x6699dcfe295244bfbd3e466cf9da71ccf265377e,163 days,5.2671,471
\x6709b6c55bd565b63248acc3f98c6e194598877e,21 days,0.7334,83
\x67444dbb734f0a03dacae001e754b0bfa971c68f,36 days,0.2848,50
\x67f613cb715025abedb78acc1491fb8b015cd286,134 days,8.9141,993
\x6842711028e6bf756f52ff9b4932ea10ac734024,20 days,1.2595,22
\x686c166ee7fbd9d9c2c11bad89f5e5d6d989e1cf,19 days,1.4587,13
\x68743c21e3f1dd1a7119d12f6b261382dbb62037,156 days,0.2621,33
\x6993d30333a480a194a72e3eeb48cde20674786a,37 days,0.5157,23
\x69a32cf77a1a3ba6c948f81355d6728614ae6a16,4 days,0.1228,3
\x69d95ffcece36dc3f2e9f5e42eb270a0bcd98665,2 days,0.0704,5
\x6a7e7af288d6679a786e7e3df23208950bda2f8d,168 days,6.4626,444
\x6a7ea8945d0cdb9b53030f63b4b26263e4478c8f,319 days,51.7432,5411
\x6a9da9c45d8758956821559ecb697411abd13eca,86 days,1.9456,268
\x6b11daed631b0b7c58cfc28893872b75c007aa5e,799 days,2.6436,310
\x6b20c61304e92314be6ca414ce34ffb62d03e381,4 days,0.2160,12
\x6b611d278233cb7ca76fd5c08579c3337c01e577,78 days,6.4099,583
\x6b630858d23a9d040aef6b712a90cc0e09c726dd,88 days,4.4195,216
\x6bc3e4590c506c6367eb3bac5f02f7c4c03ad005,735 days,11.6793,294
\x6bd4a8d3d91c59cdd3af19526f48deb01321cb67,123 days,4.0185,196
\x6be3c1db95efd407d4f77b29389843e7c557f051,380 days,20.2698,1263
\x6bfd74c0996f269bcece59191eff667b3dfd73b9,1376 days,1.6875,130
\x6c1c9fd24825f85baf191d4ff19b46d18bc056d7,95 days,5.2827,452
\x6c7de01cc27104709f6204ceb547ec0d33beccae,1512 days,11.6798,1870
\x6cca010eaca114260e45c2ec96c703b487581e4f,59 days,0.4589,71
\x6cfe9755269786f6681518c00bd22801f98f9e57,406 days,23.5557,1644
\x6dc1567f4494c7ea9b546c29af3091963214f038,00:00:00,0.0757,3
\x6e53c70126831ebaad14aa76830c659fc73fee15,37 days,0.9447,181
\x6ea71ce756bcaa7536e765b0aa15cb1ae706ef7e,18 days,0.4728,32
\x6ef2376fa6e12dabb3a3ed0fb44e4ff29847af68,943 days,35.5225,2753
\x6fac5ca3a8a7f53385e87a1e7e683dd7486afc3b,190 days,4.1195,452
\x6fbb5268d691165e2dbc691a11b098680901d773,51 days,7.2614,411
\x6ffcad0e1ba3a8be68f0b8449ca1430173a3c451,92 days,3.9188,363
\x6fffca5fa620cfea86b6160447562d7a3ce9d057,357 days,2.6940,241
\x70448fa6dd61fb3f94b806d5def4e5e8dbef7ada,318 days,5.2920,840
\x7091af2b3ea26cf6ad9a3b1d63796779a73dc181,115 days,0.4245,14
\x709c77018e484ec58fc938d64217fdf2a9ec67cc,75 days,1.4135,59
\x70d00fc2a472ea9149952186dc264dfef421b37f,144 days,0.7188,82
\x71e7b94490837ccaf45f9f6c7c20a3e17bbeb7d3,104 days,3.6337,288
\x720d330816afd75a72e012f8d669a19918483375,1075 days,12.3358,6524
\x723fc01a02574075d458de9502a3fb78383f31ac,207 days,0.3851,30
\x7246a274656e797fab4b02eb1e0581d46f0358e2,108 days,0.6695,226
\x729dcbdfebcc0741b845256e764ece7f4db55ccc,100 days,25.2374,1051
\x73579a6506c4617814c71e7ce70c149fff3c8e84,35 days,1.0199,148
\x738c581921325e19fd701c983231a4c31c0a90a0,201 days,21.5521,426
\x73a6dbec6777f75d36bd44c79dc13e62c1570b5b,00:00:00,0.1008,7
\x740b3d3a5ce317ece939f23355d434caa07bb8b5,12 days,0.6533,26
\x741db40192c46ec9679b7405621a8ff53b2d4717,196 days,0.0529,4
\x7424c2f6a6080ee56c5a0cb37540c424217de5b1,196 days,9.6872,488
\x742ee0603b781c233800e2c8feb778140a3e00b4,54 days,0.5720,50
\x7447897b21ee3bfdcfb23cead32b08ce778607d9,429 days,6.2051,664
\x745cfab7b52a45cdb75bdbcdb6e4562ef25f166b,171 days,4.2707,103
\x74ab86cdf3cc55a6c2da0a32c0fb6912e47c960d,89 days,2.5747,417
\x75bff184b51256d3e7d077d02d83d6c95c8e7e58,138 days,2.3028,183
\x76b1f80d532c7496a95e8b4714df239e29922302,124 days,4.1899,150
\x76d2185834cf02e5a65622d5e26ab112df20ced1,313 days,1.2813,75
\x770e947ebdff7f1a5229fd422d702e603d3a27e8,269 days,2.7086,573
\x7730dd897420757bfcb388c71244e1d3803ec2cd,37 days,1.7162,151
\x7769370c4998254e1c04a24282ad62c3534909e5,12 days,0.5551,25
\x778e6c00be68687c9125c0f7bd411703ac477027,286 days,9.6941,718
\x77d74a7611db43241e25c65888e6a26fa69019a1,175 days,4.6645,479
\x77fc028da2f3fbc36f9f9d3c4a901f4ac037a467,337 days,1.7470,151
\x7842387384cd77c10e47a7fd63c5bb4e0476b8c3,89 days,5.5040,361
\x78c4b4a8bb8c7366b80f470d7dbeb3932e5261af,160 days,3.1680,402
\x7911670881a81f8410d06053d7b3c237ce77b9b4,337 days,45.4304,3495
\x79374fdf37d880354c89cbdb89a50c4471aee336,148 days,3.1394,195
\x7949eb8e7b8d83eaa26d8ad2854e6d3c59da6813,176 days,3.4069,410
\x7a1932a4be3a3b32f8e0da9e5033b0865336a260,124 days,0.5429,40
\x7a264bdfb706f4299822e21da7b19cf0822f0afc,1322 days,9.1162,1523
\x7a70536c4d695b1ec9df972e91461e834bfb00e8,32 days,2.8177,354
\x7abace8a981578d3bd29f294be33af04c1100145,366 days,3.3155,461
\x7abca3cbc8aa182d10f742f72e2e8bc68c4a8839,147 days,14.8929,571
\x7ac34681f6aaeb691e150c43ee494177c0e2c183,1487 days,55.1143,4146
\x7ad02192428d7a3991cb17e7990a380b96f6c13d,31 days,1.8144,74
\x7aed66f7729ede5e750d6aa4b267c6adaaf5e44d,50 days,3.4906,407
\x7b800021e2529d26f45f4f7a3d0d91a3706ace19,1336 days,4.3487,414
\x7bad2138b818079db0bc7df5185b6bae9589370d,1275 days,5.8079,918
\x7bbc6f3cdccfcf03cb062856e751b8950dad812b,167 days,1.5160,302
\x7bd28f10caa7454e84de00b66bf27f6ed1af5c4c,135 days,4.4489,479
\x7bd4fb369068f29a15c159b27fa66f3e628eefd4,1540 days,0.6897,137
\x7c03c6fc64293c460be652f4015ad232e695ac8e,8 days,1.2843,44
\x7c54effe7bc3906b6ffe7390c8bf9afd67089409,341 days,0.3222,54
\x7c6553933a471b43ce3a76a02245c5162c82522c,160 days,9.5065,509
\x7c8e9d6d95023a0c588a5220e5072bac59d3abc9,166 days,1.7856,72
\x7cabb73f5b840b245ec2528751445da1f6dd7eee,151 days,8.7095,1041
\x7d112b3216455499f848ad9371df0667a0d87eb6,140 days,17.0686,843
\x7d2a4cb32526cd566ee82fbab5e52073ff80cc57,164 days,1.8437,141
\x7d2f19a1cd262255cde63024ffd5bd3961fb0ad3,12 days,1.0651,36
\x7d378ed22143f32fc86d0acc463eb0adc29143d2,147 days,1.9085,134
\x7dab9359a5577915bb6b1bc1e057d9d3cd3ea117,147 days,1.1244,37
\x7db7f636eb50ab2734b587a4eb0ee3e8e75d5254,232 days,34.2198,2139
\x7e3b9e461d1ccd4d0ec4cf09fc1de9d6d4e335ac,357 days,22.7650,1114
\x7e5124202b1a177cbc254b2c2262541682f20601,157 days,2.2811,245
\x7e5ce10826ee167de897d262fcc9976f609ecd2b,1595 days,4.1239,688
\x7f10a908d757bed1c74fb285000f6c2a238fb2c6,37 days,0.2218,13
\x7f169908e60cfeaa2816bf59ba921e17bc2edb36,37 days,3.2722,41
\x7f7d51372c714e8da88026f9925a7e0dd60e8237,31 days,1.6525,68
\x8166c3fc9433aa9ad7aa72a6ecf45bbda44e2d35,139 days,4.3508,410
\x82397c3222c3797aa8c01eb05c316070281cd779,183 days,15.0313,1059
\x82466928c6cf6984b723a653b3faa3e8206e09c8,117 days,3.5814,281
\x8282495b01698cd72ac12411864b9bd0e1aae19f,13 days,0.5198,21
\x8304dc7730e99b01755e38f717c4d0b9f3323dcb,331 days,5.5230,576
\x83ad5b31dd251b0c390b3cfd878b76d6b1ed1a7b,20 days,0.2613,20
\x83e799564346b89359fc398f7e402edcdbe4e4db,129 days,1.0005,116
\x83f47b5833e30f71f3af7490f2938fba4ec67ef4,4 days,0.4605,23
\x84023510eeb4e745e52035ad42255a00a41e7f90,258 days,2.8060,407
\x842411ae8a8b8ec37bad5e63419740a2854e6527,139 days,3.2203,404
\x846e49ece01ac637f57c2fdf3effe476b7001190,132 days,2.4370,108
\x84a7b031d90b7d50f1c49bb0b6379b4306cd8a51,40 days,4.6155,488
\x84ae057efb7fcf5b1e8721b1e32fe2a00e69242b,1266 days,1.6815,136
\x84f3028236c9ab1b628e0ba7e7daed471f7a05d9,131 days,4.5419,334
\x8517e0633f49ff1cd554b5a12337a27f807cd653,124 days,1.7084,62
\x85298774c2dbbbb9191373a9bc14f4a9434e5ff4,2 days,0.4595,40
\x853b811892b8107860e8b71e670a83c462b4a507,88 days,1.2678,107
\x853c6b9a02bb87fad5625485d6835692a8230773,351 days,20.9642,1216
\x8613017807c38bb4134628d2d4bb7a6ab043c48a,474 days,5.8577,584
\x86494a5eb108ca2068a5bd55f617d430bc6d5eba,62 days,34.2698,316
\x874ce968c000a490726e1c2f21e5b0a3b8a09683,100 days,0.7363,99
\x87cb48c49dcc67325c1ba73da598698822ef4acf,34 days,5.5374,37
\x87f8d1c21c8a224b10721088b55e12f2ecb59539,109 days,2.3824,49
\x884b906be45340f967f7234ac63d854c6cc11f6f,156 days,2.3090,192
\x88593cbada4a6224edd237b079e43486fb8a7ab8,1030 days,1.0255,23
\x886478d3cf9581b624cb35b5446693fc8a58b787,159 days,25.4751,1564
\x8989a26d82c14fc96e8c2abf3e8d60fc3c3f5eb3,89 days,2.6541,90
\x89923b2b5130bfe15252d24a37431357e708c3e2,123 days,2.0912,173
\x89e855b7a35255a95b4f66c6ee4b7b6dcb83388a,3 days,0.0377,8
\x8a01c36c1af154e0573bbe155fe3a053e3d3ae78,113 days,11.4953,533
\x8a333a18b924554d6e83ef9e9944de6260f61d3b,977 days,9.6176,811
\x8b078d0cc0f3b67f18c0877cc20519b04a427abe,13 days,0.3945,36
\x8b0e50ca841648bfe3ae26f9249feed729887601,93 days,0.5845,34
\x8b705673f1747ff5b9fad5d7f55e180c0f5baf8e,312 days,2.7337,94
\x8bd8795cbeed15f8d5074f493c53b39c11ed37b2,151 days,4.5530,372
\x8be3fd8a423c38131aae0330b20ceec425e0e50e,166 days,8.5572,449
\x8c2b105b64059b4d1f8d66ed151aba066b1351d4,302 days,6.2782,86
\x8c6fe398d2ef8fa1181d670f19994355e49fb179,37 days,2.8992,85
\x8c8024bf5f90a06cced7d32babccb934942c82f6,353 days,16.2193,1065
\x8c9897c494deaa0e0b642f33770072ef5bcbf73d,459 days,27.0077,2836
\x8d1b2473c85b60e13c33a477f787025c793b2551,26 days,0.4477,26
\x8dc15fc73c197a7bbd4dbbb9d8911235387e949b,96 days,6.4583,699
\x8de7ca9753d5fafcbee95d402c662e1ccc41c546,37 days,3.4216,148
\x8df6362fee71798060e13246795d78144bc1e83e,116 days,1.7092,213
\x8e018350d31c897ce2f1070fd40855d31c849465,16 days,0.5648,63
\x8e082ebd3ce93122c2aa09647b36676992261c48,83 days,0.7383,64
\x8e1311bee91e4ce25f4f2ea2e998f946e57ff094,136 days,13.9437,131
\x8e1fa7018687b69d09b8d8e8a1f96d1e2685f127,297 days,0.7666,53
\x8f09cab21e32219618ce302fc60abb9f4dfbb86d,132 days,2.9503,182
\x8f903cfc0af3c2ec0d872c57538af5e071544a57,1218 days,11.0495,1087
\x9023ef16968ffea318838a223ef2a79bd9f99f88,677 days,23.4625,1303
\x9047160b5e47e9290caa12886730c73cbb136884,139 days,1.0197,144
\x9059b7c20390161af7a8fd2aac21f1b9ac7b22be,339 days,88.0975,3744
\x910b48c25afc5b2a998458b62d467d482eca74af,936 days,11.8652,785
\x91364516d3cad16e1666261dbdbb39c881dbe9ee,1508 days,1.9575,291
\x9176d605e0bcf8e9a0b0d8587c96c34b5b5ed7ec,279 days,15.2024,593
\x91d336be71e61489667220508c02d33f5c07f502,309 days,20.4274,2140
\x91d62329a89a28b3f9bc98c8f396c16ec8d9802b,1330 days,3.1470,471
\x91e371c3cd3aa81af27b1602d4d8cf9d81ec5a90,142 days,5.5633,541
\x91ffc96bcd9f9f4ffa22b538d335c7c6039769bc,1645 days,1.5313,59
\x9224cf7956b8787f1e015349ba2937cef29215d8,323 days,5.9882,409
\x92cdc5ae03b2859a69a12c125b4ff130428698d4,147 days,65.0273,2723
\x930fff2164d24cf69e2ca3deedf022d117bee7f1,75 days,0.1912,74
\x93e45360f7e5b0b85d8e65dae9fa1a6f2af56819,1381 days,7.5142,316
\x940ed25686d28135ff3bcace9c905b662aa5d3ed,10 days,0.0225,8
\x942dd738743f80fb675f1c8049bf7a1d51946b91,117 days,2.0242,54
\x9477861457123c55cd34c608068c58af2bff5dc8,298 days,15.9376,1356
\x94a465183ff9a939295d3c8cc09b5ca27a63fb9c,140 days,3.9718,422
\x94ca9e0a858d080a9a3d2b72cd4d23e02f5cdc10,155 days,7.4091,790
\x952817314cbc9577fdc9ee93b8d5555a28f04014,50 days,1.0397,31
\x9571786ca88afb3c42f33668195f5795c7c3af0f,1345 days,6.3526,339
\x959ea444e0fabb1eea4de9944ff8754f16aac731,1162 days,0.8169,85
\x95ec92ca95bc6b8950be47082ad0ce8c9cfe463e,56 days,1.9197,286
\x9629d5b9b640e57a7ecc7098aa334506293e9c97,309 days,2.3976,33
\x96dc89dbe84970ee42a2f0b35fb50599e6745ff8,128 days,3.9995,573
\x97548d24206b1db8610dae3b296644f875c71d8c,39 days,0.5321,53
\x97d21720b8c0ac55b472ec2411b906f68b805e67,168 days,1.5876,178
\x983cb3da627aac4d8c0979e76d9619af2f350490,155 days,4.0822,416
\x98a692316057e74b9297d53a61b4916d253c9ea6,204 days,2.5110,233
\x98b6e2b8df8667eff38f159f23167f9bc1602c12,00:00:00,0.2572,6
\x98e8494deb48f06ad426555312284055623aa9cf,305 days,2.2256,431
\x991eab746c648909ce2ecf4a8e944c63fd1ee493,56 days,1.9454,127
\x99799dbb5a66b2ed2499524a741ab7911236db1c,1338 days,12.2576,1280
\x9a44c4ef3c1589e3646a293ffb4e81d8a4fbdcd0,90 days,2.6773,176
\x9add34368f4cd8310d0b871a42de4fa0dea4aa2f,1221 days,3.2190,206
\x9b22838b969bf19b6575a843d8a489cc4ae3aaa9,14 days,1.8391,34
\x9be138af71ead11b351e2b99a9c6fc709c7564f4,31 days,0.3224,6
\x9ccfd6d678d1b467fceb11cd115e6c7afa323460,138 days,4.1075,257
\x9d68d0fd371b86c867b4297241fe88af83ae4e6a,108 days,1.3345,117
\x9de3d7a01112e9b64d544b450041a81ea63cec76,360 days,8.5156,717
\x9e0ee8cad01a4dfc4167d077b0e5227e0090141b,359 days,20.4673,1848
\x9e4a9b4334f3167bc7dd35f48f2238c73f532baf,4 days,1.4142,129
\x9e501c09b9e6158297a1db206b21cf88ccb9c508,39 days,0.0928,3
\x9e506c2867030f550bbac30820f5ec1c755ce5ee,118 days,0.5942,97
\x9ee950776858cd0852969acf58a527f4016f3904,47 days,5.1232,595
\x9f2587840ee943c06dca4cbd15104afbf3835888,53 days,2.5778,70
\x9fc91f4c6c9ebf86536bfd07b2548eaccd875a91,1119 days,2.2214,249
\x9fecf056375a973308bb3d6fb6b1c230cfd21456,450 days,22.3389,1912
\xa0250c7ff585fb28ff8a26c854aa0dbf41154473,43 days,1.2072,84
\xa0e1a25976be2b9ea5ec305dc332325311b0124c,122 days,1.5572,294
\xa2612aec7851965b6ae80bd12cab9bec2cb655d2,51 days,1.3597,35
\xa268946e1191b57ebaf8d1931d964ab8f5dc120d,36 days,0.8586,68
\xa28aad7250b1b9e5945e45067a5505845f049cc4,4 days,0.3800,19
\xa2d774e73c0f5778e0cf3c6720e997f569834cc8,37 days,0.5842,36
\xa32fcc1b3d4e2b597cf626f98228e68b63ef46f0,171 days,31.7466,736
\xa334d9bb907240fe01fa4a1d8baeec4cc0a75747,276 days,1.2511,68
\xa38edb4ec64d276bdd0795055a4d24a194eca1a6,37 days,1.0031,40
\xa3d3f5e19b55266fc2e2c14ef4488f450917e9f9,19 days,0.6292,56
\xa40315bb09b981a6dcbab51196cb4ea7f02777c6,18 days,0.4475,17
\xa4b7af6ed6207402d63109e0e7e61cc7c14d0f69,51 days,0.0250,2
\xa4debf582db3b3ab757c6aa12cb7c2886b224858,5 days,1.8365,29
\xa52b2a693e861e7fba809314a06078109e5073a0,88 days,0.9232,21
\xa5aa34f78d1823c347faa933a632f07be6788b52,437 days,19.2811,1163
\xa5f09c6f40aa9b8f7ad70d64c42e20df1ad1f0f4,39 days,7.1570,150
\xa5f8e2881a275344fe744b30c0b7066db8ace1f3,202 days,22.9698,1326
\xa6145dfb72adbd7d018c30f611bde7d943ee2e17,249 days,1.1308,43
\xa61d14017057983f6f3b2101b15b48300c961c01,236 days,6.6366,449
\xa63cfe2f80b959d0fd5f742ad181bac80bbb4979,284 days,1.0645,131
\xa6f4fa9840aa6825446c820af6d5eccf9f78ba05,1073 days,28.5018,1933
\xa6f70dceec9486039bdb3c6ebdbd7401aa2b8d74,1329 days,0.8629,205
\xa752eea12f7ecaa7674363255e5e7f0b083a515c,262 days,48.0370,4088
\xa7d7ac8fe7e8693b5599c69cc7d4f6226677845b,1321 days,41.3694,3499
\xa80be8cac8333330106585ee210c3f245d4f98df,1520 days,2.8341,255
\xa84544d65685a56590be81dbdbcc9adfdf0246cb,95 days,3.0384,243
\xa8d662c3ab732d455f1523b47ab11422cb71a63c,12 days,3.5344,78
\xa8ebe6dcda66bb74a8db994554d2ad277cb54ada,358 days,2.4624,306
\xa9700a53f78410c1ffb46249234df83ebd669dd6,11 days,0.5509,8
\xa9a8fdc2945b781a54ebd6663b4c785a0ebbd867,87 days,7.7067,374
\xa9bd6d7b7d965d761b891a6a67a068171f56e4ba,63 days,1.6539,192
\xaa917265aa6903d94a63c1cbc38312e19c11a053,155 days,0.8769,37
\xaaa313393e79ea3454939e843e0aa8dec66a9949,1262 days,9.0289,809
\xaaa3f05f25eed87ee3a268f4582ec914e6245577,385 days,7.5099,736
\xaae8c50d76c76fb8947c9a203103d28b55862977,382 days,40.7241,1804
\xaaf9c3e74f97c6892c4e8755851328ce508952ae,128 days,8.7630,499
\xabaf489d77c04b9881cfcddb709a5fbd0463740a,50 days,3.6705,154
\xabc837feeeb448d36173d92d9563f324bc3a273f,148 days,1.2401,97
\xabd7d0eb66fce4bace4659554277f6f52f5598ba,2 days,0.1778,7
\xac0f76a8c30e23bc197d26465e7be319713c5224,1525 days,12.1495,848
\xac334fd2355ed58cfc89b69ef9bc9656a9d818e7,143 days,2.6318,208
\xac991cc76a5068a321023914142c1b186d26397c,37 days,1.6554,87
\xacc2a01ef920c48fbc9799e027e6355a133ffa5b,6 days,0.4924,17
\xad1e365152589d3501340af5c004bfa1ef0d724a,407 days,14.3951,1504
\xad45ea9417c328dc218e30c6548b2a3ca2aaaaaa,336 days,0.0892,13
\xad7668a585680508581e1096777d13aae8a3d6bb,4 days,0.1313,2
\xae099730dfc04c086acd0ad9881f86ac62ad0b7a,157 days,3.1024,863
\xae29adf5e2a0daee29c80d49a7f70cc8bbc426d8,11 days,0.3151,18
\xae545300740d789791e998c2e655fdafe6341690,132 days,15.2510,201
\xae8a89c737e7423def56f6e39bf4052b112d6078,252 days,34.6252,2245
\xae9deddf056811f91fb58208a0ef973e1eecc911,188 days,20.6635,627
\xaeaf973270d08ed3c105edc33bd517a1afcf8e15,383 days,10.0379,847
\xaec5cbf940086b3c237ddc78744d93ce0a4e9495,3 days,0.1366,21
\xaed87b02805448786b41f10c997da5540e52072b,50 days,2.5196,141
\xaf1cc56a81ae3db157b73db4dbcd20907db5793f,140 days,0.6604,94
\xaf42e51b8d38876d6b3af4cae83aa513c35570c3,30 days,0.4064,81
\xaf7240360b32dc9c6558cc8e1be2546a180a8a2b,47 days,0.5847,62
\xafadaf45b9ffcc53d77cbbcbfc5b74022280342b,20 days,3.2848,68
\xafb7e19a422216b2c496ec9b59dc46cdad9dd48a,143 days,20.5996,1736
\xb03277e94d72d2843b797f3102b7ffd6a2279454,195 days,1.4053,201
\xb044972e048ee9bfb12dbf6f55ed59bdbf2cfa9f,88 days,0.7440,54
\xb0a1be32df8c8248a54389af5d5528c38d92d5be,347 days,21.6058,1066
\xb1367a1b5d7b236bf6b360135cade012e414a249,19 days,1.4964,10
\xb1c51fbecee5a397177c934b76acd080c105d648,199 days,0.7267,61
\xb1e079854268985431935ce53aa54c8e1722fa0d,145 days,18.1775,2018
\xb2066c050350d4072bb40344bc8d423a38fdb7b5,18 days,4.0313,87
\xb26a693b81d275f47d0095902ba1c61248e937ab,207 days,21.4267,781
\xb2ae49c0ae0a0cbefb3cd050de7915516d0c3082,162 days,6.6947,382
\xb30452beca9c462bc6773582c9e0d70cc60e7321,326 days,81.8804,4234
\xb32e083709588a1b3fa9c115c48051e61cbeba0a,214 days,22.6088,1778
\xb394e284b59e95599151bed5d39a8f3c00acc54e,185 days,3.7133,262
\xb4968ae81fdd1bc3b8fbf832ffda61bc337f5118,1404 days,8.2801,771
\xb4be9ca8799fcb3666787a9e49b792a8b1d8c3b9,123 days,15.2718,528
\xb583b6a3e0b6001c0598ede62bcbf69698a7b76c,4 days,0.2904,11
\xb597b202294dd5a4a616fcc2f178588bfc6d2c16,136 days,3.6993,380
\xb59825afbba29d5257f877a8a64265c3a10fc2ab,12 days,6.9358,48
\xb59e76f602961dd464848eda4752ba06b77eece1,1 day,0.2599,5
\xb5dc07e23308ec663e743b1196f5a5569e4e0555,368 days,3.9231,360
\xb64386dce7464039a6727687cc41416bb23bf996,85 days,0.0864,4
\xb683a2056526162c4771d363204af41ea8c1ec52,252 days,1.2046,110
\xb75e6a898f4d7dd32efea8d27094432b0f90618d,385 days,62.7746,3218
\xb831c317ef832167201e175100b1897fe2779948,1329 days,0.1261,14
\xb84f6da1b9accee009bdaba61573179b666b0d1a,137 days,2.6313,187
\xb971bc9b269bed160633a7686b8e879952cc2a0b,11 days,0.2639,15
\xb9c71dffd0315a61b5df3ef77f2caa5149fba4e1,679 days,80.8753,3372
\xb9e0aa0364decb89741b7d64e9dd6621e26ac6d2,68 days,5.8065,368
\xba0b03b7b0be541d3645f689b746f4f7bce93c38,123 days,2.5139,101
\xba39bf5db0cc53337ffbf4ab2bd2c014f12d0ae2,276 days,12.3417,903
\xba3ad142c3d70495d8ac76787ddcfb012f707963,77 days,0.1768,72
\xbaa02edb7cb6dc2865bc2440de9caf6a9e31f23e,94 days,0.9186,88
\xbb3f043290841b97b9c92f6bc001a020d4b33255,216 days,2.1523,188
\xbc05a906dbe32e01ecd189348aca5ffb393bc82b,120 days,3.0905,126
\xbc1b89612b8c8e006929197569818e785e427bfb,1330 days,42.9201,12892
\xbc473820cdb24c6b48f6b201a671c5a87d2739da,144 days,3.2889,360
\xbc6e70cb9b89851e6cff7ce198a774549f4c0f0c,160 days,6.2068,236
\xbc7f81506729a2e91b42bec3e818529daa024725,21 days,0.6591,41
\xbc9ca5bd0f07700929f8d538233b0a9e60f4ddc5,1020 days,19.8903,9650
\xbca7549b4a9867e8053f966739a08a46eb6cbad4,11 days,1.4829,47
\xbd04b0c6189dbfeadb7ef0f77db92993330c84f4,8 days,0.5286,33
\xbd702d5ec77056c47d56ed858847086608ba4552,123 days,0.7001,61
\xbd88fd947cd30b1af9558fe43824db85823aac75,43 days,0.3175,24
\xbd9ed148f421dde7eaf0bee6d81284c593b4c797,157 days,2.9192,263
\xbdd95abe8a7694ccd77143376b0fbea183e6a740,114 days,9.7646,717
\xbe5d6b71915a2b86d007f51432f5a79116196236,37 days,1.3956,206
\xbea9ae6f7a267e20c1e40d138dc59c50b33b1ea0,4 days,0.0099,6
\xbfc69d7a7e47ef6ee8b790010b85d525d9829756,56 days,1.7012,188
\xbfe8d5abf248081fe03236e31efdfdfe1562f9a2,1322 days,23.2907,5741
\xbff79922fcbf93f9c30abb22322b271460c6bebb,155 days,54.6969,1605
\xc0548825bd34b96448b487ed7028cf6b532228f9,196 days,17.9394,988
\xc05c4f2bf8c629d6f9f674e6949b6fe54832764e,91 days,2.4049,526
\xc0c3f670030a5c1302574ec02438590232c15601,47 days,1.2261,28
\xc13a07216193443f2310d15ccd7f4029fc359491,82 days,0.1527,31
\xc13ce81feab5fc3d0fc636e1d6c0405010381e5f,21 days,18.1597,427
\xc140aad62f73c19764205815e6b564cf6e9504bf,351 days,5.9494,493
\xc216b5a63cb8128fd6b3af161c943765333bb47e,1397 days,5.4788,523
\xc22df065a81f6e0107e214991b9d7fb179d401b3,328 days,6.5492,614
\xc2978441f46a76c60e0cd59e986498b75a40572d,16 days,1.3568,47
\xc2e00f8ebcb43dfa0c9d336c9f345f040c22ef9d,56 days,2.7438,55
\xc2e7c3a5675ee1308d56f5e4fd614007e0fcc63b,89 days,1.3324,191
\xc3539f72a7877777a5e5dd383429cb2ae7524f53,151 days,3.3920,65
\xc36751c53cf2db5e233c8eb5fba3002ae795f7dd,302 days,6.2140,305
\xc39c550825fdf5d44eab12d0bb319ae3144ba557,35 days,1.1264,157
\xc3bee77d669eeb416d3387f6b79e2399c4afbfbc,309 days,5.3952,367
\xc3c4746fc63763930b01a93eda9ec53a72b9ea4c,88 days,1.9563,263
\xc45a4b3b698f21f88687548e7f5a80df8b99d93d,89 days,10.1351,367
\xc51505386b5a1d3e7ecb88cec112796d8cee0250,119 days,2.5625,224
\xc51f6396458e03f846af5ab2e049f608a5dca87b,358 days,21.0332,1419
\xc534bc88a638ed452c13f97a844c2771b7ae4e7c,1 day,0.0658,5
\xc5b67f12beaa7b7a106a4eddddc0d88635223915,386 days,74.2007,2947
\xc5d7be4a4e5957baa078201f41d9fd5f21b91b1b,296 days,10.7223,860
\xc6136d5d747350f0a9d46730c12bb6c5a14adcce,173 days,13.4119,884
\xc63afcbce8a83f2ef3c8ece0763c2bebf3e13223,139 days,5.2932,418
\xc643c9411a6b489e9833b16631140f42bbfcb6d1,405 days,46.6651,2770
\xc6cc3f9f3f5e908a39a6d4c16862b6b590940c58,359 days,8.9837,747
\xc70b0b44e47e8604b4234f2d2d8e79540b0cf64b,1161 days,7.3429,967
\xc7bece28cb7112e3ece6293f6659d5d25db001b6,94 days,0.9823,118
\xc7c6b9a8c00df1f40b2bf50f5064f4164938a9a7,104 days,7.6512,718
\xc841b289918a1a7559263bc4c78af1ed15dd49c4,343 days,40.7481,2364
\xc8f1a199eeb0eccedfb0f401b828ee6fb894aaa7,110 days,4.4334,479
\xc9d25b9a3496c776688833d6ccfe507ef4f41645,1311 days,7.3694,1510
\xca19000fb53e4bc6825ec8975945463b4ebb5a9a,4 days,0.1431,2
\xcbbd34c2001a8411e227c5ced120234df1e8f0b5,109 days,1.1197,43
\xcbf3c9b38003fa550a7bff5206366c1f62480ba7,153 days,14.4050,970
\xcc4901ee8603b9c04237b37f06628730397c4b7a,139 days,6.3363,105
\xcca11a8edb05d64a654092e9551f9122d70ea80e,668 days,23.8981,2245
\xcccd3b0a375e8d864c5533f3beaef8467530e4aa,133 days,1.9411,88
\xcd94d3aa70986658d876ed6497636167014b1d1e,1206 days,7.4519,444
\xcda62bcbad763fe4b8ec8804b844a9849516d27e,142 days,0.8139,104
\xcdc441998bd58487eb7fb8e5f6a1b383771086d0,151 days,1.3083,78
\xcdf56ecbb91d301f2deca21b561cfece9c0f7e73,219 days,6.8141,283
\xce5ace7199bb112b89f5969e8ed3e0c3ac866b87,91 days,0.0957,9
\xcead03574e4b930ee871bf8bb49922148a63a8e6,88 days,1.8704,232
\xcedabd24f084df49a1abb56783d404c943e503db,75 days,2.7502,391
\xcee43b594841d15728261d0fc6f1157bcc909401,1339 days,2.4885,141
\xd0032a23ba9a998d472f71c6c55e493197c96ab8,108 days,3.3772,341
\xd1bea81dd97d4fcebc5b25686bdca04deff3991f,1342 days,7.4523,500
\xd1c053ced027ef33b8acbb10aeb7711987b29554,123 days,16.1564,616
\xd20ce27f650598c2d790714b4f6a7222b8ddce22,417 days,8.4117,502
\xd2165c20f83d6b7a2c243c49629e82a222392efe,59 days,8.6459,223
\xd2927a91570146218ed700566df516d67c5ecfab,227 days,13.1545,772
\xd2d165a11f92edeef6fb68991bc2fe21d5763cd6,69 days,1.1771,28
\xd31e15811507f9e6308a0d9dbb3b0aaa60d69c4f,346 days,5.7936,681
\xd3d395877d7f5015cf98ba9a8645f13170863041,1383 days,28.1088,1894
\xd42232f71cbe011263f5a4381221d182ace3d8be,226 days,0.1784,21
\xd450072e95d91b5f6e8e2f963d57358882bb0dc9,16 days,1.8774,47
\xd49322add203c8e04acdd53b7ff14b5e0ac861d7,99 days,5.3298,563
\xd507d4af71088bafbf2ea0cdb6962694f850de01,321 days,3.9930,619
\xd640ee3a5c590786aab56aa4795d3a41de90a005,00:00:00,0.0478,3
\xd657860fc512ec2250a7385a353f599e3276fddb,785 days,13.9418,1563
\xd6ce783626d04b0db46751f3c58c0f2ed66093e2,51 days,1.6137,56
\xd73417c4a65822465511acab078ee0ac2040c1d2,196 days,1.0918,133
\xd76040b01fa18843f8983dbb1b40d3a64b5b771a,90 days,5.3372,346
\xd782fcbc3bba63a08828be5f4aa59ce93aff7697,13 days,2.9021,60
\xd7927d0d47327449890f39a620dc651b66502df3,280 days,13.6789,1332
\xd7bad5eff26389b4ee7822690207b13106e03d43,90 days,6.8347,345
\xd7ddf70125342f44e65ccbafae5135f2bb6526bb,371 days,19.5055,1059
\xd817c48a6a227ed9700eebcf55f14516a3cdf7bd,148 days,2.3011,284
\xd83fd6bd09078034fdc0aaf16ea17cc70aa3bd3a,4 days,0.4706,9
\xd887758a36bbf3c44ba3f1ffa0d8ff8d536cc129,406 days,59.7624,4182
\xd8c6b22d5514948c776b3c7d2b6e9669ae008f6a,54 days,0.7199,39
\xd8fbd6a7f35b8af94910259d103dc261af913b3c,147 days,7.2528,510
\xd90664d053873c8cdd492b21fca3ec98ca923edc,120 days,0.9955,91
\xd915e6c3b88f16f9359127756b8d28e9a2f3e737,164 days,1.9912,61
\xd993a3a87d8140f507bb08ef82adf0edaa5b56aa,12 days,0.1518,8
\xd9c0558dcc5d336e367f997a23957b6a8b3c6c86,82 days,2.3063,133
\xd9c3415bf8600f007a1b4199df967c25a3e00eea,64 days,5.7768,1139
\xda27937582b0ed4211e9c322778658b7b151e44d,5 days,0.4517,17
\xda560fd7f97b7584216d2ec15b72da6d73fb765f,117 days,0.2483,8
\xdae386aeb8848cdafd00f2c045516e30222571dd,117 days,2.4249,162
\xdb24106bfaa506befb1806462332317d638b2d82,87 days,3.2295,391
\xdb50f37234280d8a860301ba1040ccf89fe65426,3 days,0.5537,33
\xdb6c1bb58b54705523aeec456d6aca1b3c8e39ef,143 days,3.1837,94
\xdc265d18126ba11b414d4bdf10ba4a08f5eb0f03,143 days,1.9004,119
\xdd1e6fee5428f89391963adc501d6a5fb9d9997e,379 days,15.3546,1308
\xdd27bae6ecef001d7c45ff3fb035db2fae7ba262,116 days,0.2433,15
\xdd54e6edaffe9547e144c3eccdaf7facf1b0db84,134 days,2.3590,374
\xdda36dcd6fb50c27c6944bb4dddd210f48bb9056,90 days,1.9083,139
\xddeaec88e4a183f5acc7d7cfd6f69e300bb6d455,291 days,14.5781,1343
\xddf14fa3e1bf3881cd6ec491f0ccf3d1389a78d4,102 days,3.3715,317
\xde67c92c7281de52097880412ea2dc2f85e578a6,145 days,4.8163,622
\xdf164e683920b376d1991a4149ad2f4155ac773b,1217 days,7.7350,1509
\xdf3c160116e1cf9ba92b9c4b9329755cf0d4fd20,143 days,1.5293,283
\xdf67d679c714f74f53c65336a347e7414fff2077,105 days,0.3599,48
\xdf95fbc8ea6fc29e38bd6e9dbf8f867b41716d13,99 days,1.4681,139
\xdfbe1cfd385637c7d5f9f04750ce1a425f9e7c90,4 days,0.4682,8
\xdfcd9df8cf96fcef21b111deb73f1de5be1df9ec,269 days,1.3123,413
\xdfdb434b6aec40240f06afffd085e4fc4990d8e1,182 days,16.8834,946
\xdfe8beee223412f316baf2968b17527d6eba29f1,1335 days,5.0214,296
\xe0719af1123a4f6beff552d5fb963cb278ca1ae2,107 days,0.7067,74
\xe0842a417d2e9af9e118e2c56251962209f0ac75,111 days,4.5808,142
\xe0cf26296cf333905b2275a438f55a92ed6e6111,109 days,1.2914,271
\xe19558d2b3fabb5c045ddf3b44dc15de18e9cd20,1448 days,0.8752,142
\xe2008ef79a7d0d75edae70263384d4ac5d1a9f9a,256 days,38.5627,2926
\xe23b0362c0467f3193ba2f11ba988a2144e9e8de,92 days,0.1094,10
\xe2886e107d910c8dffa91b89741443f08e756fd9,1448 days,2.0861,171
\xe2a9829ed811d0253de26216a36f301f57bf9ffb,711 days,4.2136,90
\xe3454589b7859dcc77d58d18408bdf70fae8a7f0,91 days,0.6689,100
\xe3f6ee431d882b722fa4d1d8fd2a0749426dbfea,1204 days,1.4947,143
\xe4875b06d887b88b649550adbab8c387742f2617,382 days,28.0748,2076
\xe52ee356e4320dbc467d72a5e7931c1f24be2912,1317 days,2.7692,278
\xe5ca890a0ef2f128eb3267e4711c6bf3306ec024,190 days,0.4778,59
\xe72eb31b59f85b19499a0f3b3260011894fa0d65,244 days,50.5481,2914
\xe758bc7105dade261306ec67805fd5c489476b4d,11 days,0.3588,37
\xe79870deaae91a6f799d2f70daa4786190660a00,39 days,0.5754,19
\xe7f6222a25aa426a50090011ccc5781b9c442a76,87 days,3.5424,350
\xe828c200895ea187e6a3eb1d8ce25fb12eaaee47,20 days,1.1379,18
\xe8b15352c8b5ba4acabdc91907b742fc7249d91c,813 days,1.6126,119
\xea0591576bff20c6cd220f0dca550eb7eb9fd077,12 days,0.2298,21
\xea94c9a3bcc2bf5a3c08e3de1ccc64c6b6049710,1040 days,4.4701,344
\xeaab59269bd1ba8522e8e5e0fe510f7aa4d47a09,136 days,3.2450,564
\xeb9b233fd68f7d3aaab71198981eeecf52ce8d33,54 days,1.7484,337
\xebf02c6e12c3ee119abba161c40bfeead0a06b15,493 days,33.5883,1742
\xec6d36a487d85cf562b7b8464ce8dc60637362ac,1465 days,5.3761,883
\xec7b7a7d8e5427e38c1cf57488c1d652924ff65a,65 days,11.0161,938
\xec95ff44314a3f207c4d245d6552ca79ec4f3eab,26 days,1.1315,186
\xecba5f51925e6ccec26da38dcd7d5305f6bdfbcb,1108 days,16.9256,1255
\xed0f30677c760ea8f0bff70c76eafc79d5f7c3c8,270 days,5.3307,288
\xedd57e31d42ebea0150f3a02a4836258fc420035,55 days,0.2021,29
\xee6b47ce06976c9d29787e2b9f2802717117955c,116 days,3.7338,321
\xeeaf61935c0c48f8f8cc28c381683d7fa2f75e1c,185 days,5.0025,440
\xef7935913857a6deb46c609d54381b9960396771,373 days,2.5726,228
\xefcc4c68e1ddfaa4f0fa3a7479f0fb082f96a56b,1229 days,11.2332,670
\xf0ca0994677d8ab0a08bac6d2d3b367a3fef3a5d,2 days,0.0859,2
\xf16776a9f956b8380619cafe2d86eee69d539149,5 days,0.9116,76
\xf1fa9a38914e853de933fbf7df2f278701e873df,1344 days,10.9579,11667
\xf22b3e9fdfac016fa197c2326c84657ba4f78f78,342 days,26.3049,3208
\xf22d36502069b9381b51eebc1c4820c4bebc660c,48 days,0.8021,77
\xf29155745c8ee222d4f7d6a2a7a50c1901f27de2,530 days,24.1436,1386
\xf3f050d61191ed22e35e968366c664f793b9720e,185 days,1.7368,70
\xf486d56cce70c481b3455af901fcc4f03fee8107,350 days,30.9375,1955
\xf522f5ee6363ecec55e93c07103ff87adf841c86,92 days,4.0770,132
\xf5c1d55e94726962b4b517c949120c42d646e455,219 days,6.3464,730
\xf5d63f15fd8981c86216c5a75d1c33824b35ea7f,207 days,1.2267,81
\xf73dac1d2c0c3027b9ee18735c311962e105a4f9,194 days,5.8196,285
\xf748879edbe8cca140940788163d7be4d2a2e46a,658 days,62.5528,4267
\xf76d6fc1f8fecaec5961f7034c25163a22851e77,127 days,0.2534,36
\xf7b3210147bf2b2104111eb56805f1147b31877b,53 days,2.9377,168
\xf873bebdd61ab385d6b24c135baf36c729ce8824,141 days,12.9622,812
\xf9107317b0ff77ed5b7adea15e50514a3564002b,698 days,59.7665,5513
\xf916719c7251e109cf3d1a977b6cad198b630c32,176 days,18.9517,720
\xf9c1b2f3c31b4c5c0ad9ae02de0d7a912987d920,24 days,0.7236,95
\xf9d5c9a7200e1ac4a0fd41b2a3d28ff5cf3f2284,1391 days,2.2133,368
\xf9efb357cb7732f5fbc1e19cf9c0f1203bdbd978,111 days,0.8748,219
\xfa026c350b192aa6a19e750cb3a1c46a942f0388,117 days,2.7697,497
\xfa15a0a2ad06aececbbf8e2307512bb90e08f7d3,133 days,1.8771,146
\xfa42d7f197f2793cca274186a4bdbf6ade5a8884,37 days,2.9330,423
\xfaa14171ce8d8dd7b5d62955e05465b40380fd07,86 days,3.9810,395
\xfaaa79ed017a66f19bd08161a2ebd215150758c4,22 days,0.0947,13
\xfb2877aed47c2eb6d2407fd62d9c11966f922675,19 days,1.5325,11
\xfb6223ea050a0956cdf294129a00f66b5ae4f5a5,1291 days,7.2469,393
\xfb628282516a371d4da2510baa792dc4cae8c6f0,88 days,3.0696,203
\xfb77b72e5ead7ac452deeabb39919a717a5b77d8,184 days,2.6275,376
\xfba9bd0c06a8d28bc6356a99212658676a6f0d00,102 days,6.3380,209
\xfc15a26da9f96b88f8fc74ff0ac6e507d5edd874,92 days,0.4019,33
\xfc199e896bb4a153046bacb8b3c3170079190705,49 days,0.2543,41
\xfc574113c3db18f57c6975e432b8eb8455cfd806,38 days,0.2991,62
\xfc9dd877930e9799beb663523bd31eefe3c99597,123 days,9.2716,1314
\xfd04340f02398520296be10f785e6ee1f0f36b85,1224 days,8.4155,525
\xfd1b8d2b036f7c78a794be2c6f9ba4de698459e8,69 days,19.0317,588
\xfda3949290b2c11ef93e4058c541bd3c9063b5f5,00:00:00,0.4363,5
\xfdb16a768c4d41d7c0e1e5f5ce1d3c8234f6db0a,238 days,2.4458,142
\xfe274ff2846a414e690606c2ed2ccc4ad6bb9c53,91 days,8.3113,415
\xfe6296682659ae75be8c5f3c594556a34277043d,11 days,0.4929,21
\xfe7f540c7f563b60fd7f676569d10306f629567b,15 days,5.2432,40
\xfea6145aec3832672df239639fbc1db273ace241,163 days,3.2963,332
\xfefbdd71f3a16a251d08ac1498d3224964a65aae,37 days,0.4016,18
\xff18f894daafd7588397fe83544e08c2756771c5,95 days,1.9147,33
\xffedcdac8ba51be3101607fab1b44462c3015fb0,1267 days,8.8515,896
